title,original_price,current_price,stock_status,url
5-Minute One Piece,"$31,990",,,https://www.darkhobbies.cl/products/5-minute-one-piece-juego-cartas-cooperativo-tiempo-real?variant=48590955872510
7 Wonders Dice,"$29,990",,,https://www.darkhobbies.cl/products/7-wonders-edicion-dados-juego-de-mesa-de-estrategia-antigua-dark-hobbies?variant=48607434506494
A Prueba de Retos – Party game de retos absurdos para grupos,"$29,990",,,https://www.darkhobbies.cl/products/a-prueba-de-retos?variant=47451710095614
Academia Ninja - Juego de Mesa de Memoria y Reflejos Rápidos - Dark Hobbies,"$15,990",,,https://www.darkhobbies.cl/products/academia-ninja-juego-cartas-memoria-velocidad?variant=47670866706686
"Alcachofas? ¡No, gracias! - Juego de Cartas Familiar y Estrategia de Descarte - Dark Hobbies","$10,990",,,https://www.darkhobbies.cl/products/alcachofas-no-gracias-juego-mesa-cartas-devir?variant=47469235503358
"Alebrijes - Juego de Cartas de Bazas, Estrategia y Fantasía - Dark Hobbies","$14,990",,,https://www.darkhobbies.cl/products/alebrijes-juego-cartas-bazas-fractal-juegos?variant=47568125100286
Alien: El Juego de Rol - Marines Coloniales Manual de Operaciones,"$39,990",,,https://www.darkhobbies.cl/products/alien-juego-rol-marines-coloniales-manual-operaciones?variant=48590966620414
Anda a Lavar,"$15,990",,,https://www.darkhobbies.cl/products/anda-a-lavar-juego-mesa-cartas-party-familiar?variant=48496943563006
Arte Moderno – 31 Minutos,"$24,990",,,https://www.darkhobbies.cl/products/arte-moderno-31-minutos?variant=47451734933758
Assassin’s Creed RPG: El Legado de la Hermandad - Expansión Narrativa - Dark Hobbies,"$29,990",,,https://www.darkhobbies.cl/products/assassins-creed-rpg-legado-de-la-hermandad-expansion?variant=47678040834302
Assassin’s Creed RPG: La Forja de la Historia - Expansión de Rol Narrativo - Dark Hobbies,"$29,990",,,https://www.darkhobbies.cl/products/assassins-creed-rpg-la-forja-de-la-historia-expansion?variant=47678035460350
Assassin’s Creed: Manual del Ánimus - Libro Básico de Juego de Rol - Dark Hobbies,"$29,990",,Agotado,https://www.darkhobbies.cl/products/assassins-creed-rpg-manual-del-animus-libro-base?variant=47678023467262
Baby Dragon Baby - Juego de Mesa Party Familiar - Dark Hobbies,"$15,990","$14,500",Oferta,https://www.darkhobbies.cl/products/baby-dragon-baby-juego-party?variant=48038123045118
"Badlands: Deluxe Edition | Supervivencia, conflicto y poder","$54,990","$49,500",Agotado,https://www.darkhobbies.cl/products/badlands-deluxe?variant=47468889112830
Bamboo | Estrategia zen de gestión y optimización,"$29,990","$24,990",Oferta,https://www.darkhobbies.cl/products/bamboo?variant=47469099221246
"BANG! El Juego de Dados - Acción, Roles Ocultos y Suerte en el Oeste - Dark Hobbies","$19,990",,,https://www.darkhobbies.cl/products/bang-el-juego-de-dados-western-party?variant=47469214925054
Baraja Theory11: Batman - The Dark Knight Playing Cards,"$21,990",,,https://www.darkhobbies.cl/products/baraja-theory11-batman-the-dark-knight-playing-cards?variant=48772699521278
Baraja Theory11: Dune Playing Cards,"$21,990",,,https://www.darkhobbies.cl/products/baraja-theory11-dune-playing-cards?variant=48790615228670
Baraja Theory11: Elvis Playing Cards,"$21,990",,,https://www.darkhobbies.cl/products/baraja-theory11-elvis-playing-cards?variant=48772679991550
Baraja Theory11: Harry Potter Playing Cards,"$21,990",,,https://www.darkhobbies.cl/products/baraja-theory11-harry-potter-playing-cards?variant=48772730093822
Baraja Theory11: Teenage Mutant Ninja Turtles Playing Cards,"$21,990",,,https://www.darkhobbies.cl/products/baraja-theory11-teenage-mutant-ninja-turtles-playing-cards?variant=48772703518974
"Barbecubes - Juego de Mesa de Destreza, Equilibrio y Pulso Parrillero - Dark Hobbies","$11,990",,Agotado,https://www.darkhobbies.cl/products/barbecubes-juego-mesa-destreza-pulso-parrilla?variant=47485146104062
Barbecubes Veggie - Juego de Mesa de Destreza y Parrilla - Dark Hobbies,"$11,990",,Agotado,https://www.darkhobbies.cl/products/barbecubes-veggie-juego-destreza?variant=48150529114366
Bicycle Cocktail – Naipes Ingleses Coleccionables,"$13,990",,,https://www.darkhobbies.cl/products/bicycle-cocktail-naipes-ingleses-coleccionables?variant=47875532587262
Bicycle Disney 100 Años – Naipes Ingleses Edición Coleccionista,"$16,990",,,https://www.darkhobbies.cl/products/bicycle-disney-100-anos-naipes-ingleses-edicion-coleccionista?variant=47875533177086
Bicycle Disney Cats & Dogs – Naipes Ingleses Edición Disney,"$10,990",,Agotado,https://www.darkhobbies.cl/products/bicycle-disney-cats-dogs-naipes-ingleses-edicion-disney?variant=47875554935038
Bicycle Disney Classic Mickey Mouse – Naipes Ingleses Edición Disney,"$12,990",,,https://www.darkhobbies.cl/products/bicycle-disney-classic-mickey-mouse-naipes-ingleses-edicion-disney?variant=47875556573438
Bicycle Disney Donald Duck – Naipes Ingleses Edición 90° Aniversario,"$12,990",,Agotado,https://www.darkhobbies.cl/products/bicycle-disney-donald-duck-naipes-ingleses-edicion-90-aniversario?variant=47875557425406
Bicycle Disney Mickey & Friends – Naipes Ingleses Edición Disney,"$10,990",,,https://www.darkhobbies.cl/products/bicycle-disney-mickey-friends-naipes-ingleses-edicion-disney?variant=47875567681790
Bicycle Disney Stitch – Naipes Ingleses Edición Stitch,"$12,990",,,https://www.darkhobbies.cl/products/bicycle-disney-stitch-naipes-ingleses-edicion-stitch?variant=47875570335998
Bicycle Disney The Lion King – Naipes Ingleses Edición Disney,"$14,990",,,https://www.darkhobbies.cl/products/bicycle-disney-the-lion-king-naipes-ingleses-edicion-disney?variant=47875560636670
Bicycle Double Nine Dominoes – Cartas de Dominó Portátiles,"$9,990",,,https://www.darkhobbies.cl/products/bicycle-double-nine-dominoes-cartas-de-domino-portatiles?variant=47875573219582
Bicycle Fashion Pink – Naipes Ingleses Edición Color Rosa,"$9,990",,,https://www.darkhobbies.cl/products/bicycle-fashion-pink-naipes-ingleses-edicion-color-rosa?variant=47875573678334
Black Stories: Crímenes Reales,"$14,990",,,https://www.darkhobbies.cl/products/black-stories-real-crimes-juego-cartas-acertijos-policiales?variant=48443396522238
Black Stories: Edición Atención Conspiración,"$14,990",,,https://www.darkhobbies.cl/products/black-stories-edicion-atencion-conspiracion-juego-cartas-acertijos?variant=48590981628158
Black Stories: Edición Misterio,"$14,990",,,https://www.darkhobbies.cl/products/black-stories-edicion-misterio-juego-cartas-acertijos?variant=48443374207230
Black Stories: Edición Muertes Ridículas,"$14,990",,Agotado,https://www.darkhobbies.cl/products/black-stories-edicion-muertes-ridiculas-juego-cartas-acertijos?variant=48443378860286
Black Stories: Marrones Mortales,"$14,990",,,https://www.darkhobbies.cl/products/black-stories-edicion-marrones-mortales-juego-cartas-acertijos?variant=48591006367998
Black Stories: Superheroes Edition,"$14,990",,,https://www.darkhobbies.cl/products/black-stories-edicion-superheroes-juego-cartas-acertijos?variant=48591208153342
Block Block Burrito (EXPANSIÓN) | Defiende tu burrito o prepárate para el golpe,"$19,990","$16,900",Oferta,https://www.darkhobbies.cl/products/block-block-burrito-expansion?variant=47455777751294
Brass: Lancashire - El Gran Clásico de la Estrategia Económica - Dark Hobbies,"$62,990",,,https://www.darkhobbies.cl/products/brass-lancashire-juego-estrategia-economica?variant=48164105126142
Brick Like This!,"$19,990",,,https://www.darkhobbies.cl/products/brick-like-this-juego-de-mesa-de-construccion-lego-dark-hobbies?variant=48607439945982
Bulbasaur – Pokémon Model Kit | Bandai,"$14,990","$12,990",Agotado,https://www.darkhobbies.cl/products/bulbasure-model-kit?variant=47488803209470
"Bunny Kingdom | Draft, territorios y conejos estratégicos","$49,990","$44,990",Oferta,https://www.darkhobbies.cl/products/bunny-kindom?variant=47468624314622
Cakes! Juego de Mesa Familiar de Habilidad y Rapidez - Dark Hobbies,"$26,990",,,https://www.darkhobbies.cl/products/cakes-juego-mesa-habilidad?variant=48135432962302
Calendario de Aventuras: Arkham 365 - Juego de Mesa Solitario Lovecraft - Dark Hobbies,"$22,990","$19,820",Oferta,https://www.darkhobbies.cl/products/calendario-aventuras-arkham-365?variant=48009130377470
Calendario de Aventuras: Mazmorra 365 - Juego de Mesa en Solitario - Dark Hobbies,"$22,990","$19,820",Oferta,https://www.darkhobbies.cl/products/calendario-aventuras-mazmorra-365?variant=48009130475774
Camelia Roja de Madera Rolife 113 Piezas | Red Camellia Rompecabezas 3D Decorativo,"$8,990",,,https://www.darkhobbies.cl/products/camelia-roja-de-madera-rolife-113-piezas-red-camellia-rompecabezas-3d-decorativo?variant=47998595858686
"Carcassonne (2ª Edición) | Construye el mapa, domina el territorio y puntúa mejor","$29,990",,,https://www.darkhobbies.cl/products/carcassonne-2da-edicion?variant=47448266309886
"Cards VS Gravity – El party game de equilibrio, caos y risas","$19,990",,,https://www.darkhobbies.cl/products/card-vs-gravity?variant=47448322801918
"Castle Party - Juego de Cartas Familiar, Fiestas y Caos de Monstruos - Dark Hobbies","$12,990",,Agotado,https://www.darkhobbies.cl/products/castle-party-juego-mesa-cartas-devir-party?variant=47469233045758
Catan Junior - Mi Primer Juego de Estrategia Pirata - Dark Hobbies,"$29,990",,,https://www.darkhobbies.cl/products/catan-junior-juego-mesa-pirata-ninos?variant=48189382885630
Catan – Juego de mesa de estrategia y comercio | Devir,"$34,990",,Agotado,https://www.darkhobbies.cl/products/catan?variant=47468608946430
Catan: Ciudades y Caballeros - Ampliación 5–6 Jugadores - Dark Hobbies,"$27,990",,,https://www.darkhobbies.cl/products/catan-ciudades-y-caballeros-ampliacion-5-6-jugadores?variant=47677969858814
Catan: Ciudades y Caballeros – Expansión | Estrategia avanzada,"$35,990",,Agotado,https://www.darkhobbies.cl/products/catan-ciudades-y-caballeros-expansion-estrategia-avanzada?variant=47677969301758
Catan: El Duelo - Estrategia Exclusiva para 2 Jugadores - Dark Hobbies,"$24,990",,,https://www.darkhobbies.cl/products/catan-el-duelo-juego-mesa-2-jugadores?variant=47677974348030
Catan: El Duelo – Eras Oscuras y Eras Doradas - Expansión de Estrategia - Dark Hobbies,"$24,990",,Agotado,https://www.darkhobbies.cl/products/catan-el-duelo-expansion-eras-oscuras-doradas?variant=47677999579390
Catan: El Juego de Cartas - Gestión de Recursos y Estrategia Compacta - Dark Hobbies,"$10,990",,,https://www.darkhobbies.cl/products/catan-el-juego-de-cartas-devir-estrategia?variant=47506344509694
Catan: Mercaderes y Bárbaros - Ampliación 5–6 Jugadores,"$27,990",,,https://www.darkhobbies.cl/products/catan-mercaderes-y-barbaros-ampliacion-5-6-jugadores?variant=48189426106622
Catan: Mercaderes y Bárbaros - Expansión de Aventuras y Variantes - Dark Hobbies,"$34,990",,,https://www.darkhobbies.cl/products/catan-mercaderes-y-barbaros-expansion-aventuras?variant=48189422895358
Catan: Navegantes - Ampliación 5–6 Jugadores - Dark Hobbies,"$27,990",,,https://www.darkhobbies.cl/products/catan-navegantes-ampliacion-5-6-jugadores?variant=47677983654142
Catan: Navegantes - Expansión de Exploración y Rutas Marítimas - Dark Hobbies,"$35,990",,Agotado,https://www.darkhobbies.cl/products/catan-navegantes-expansion-estrategia-maritima?variant=47677979558142
Catan: Piratas y Exploradores - Ampliación 5–6 Jugadores - Dark Hobbies,"$27,990",,,https://www.darkhobbies.cl/products/catan-piratas-y-exploradores-ampliacion-5-6-jugadores?variant=47677989224702
Catan: Piratas y Exploradores - Expansión de Aventura y Exploración - Dark Hobbies,"$39,990",,,https://www.darkhobbies.cl/products/catan-piratas-y-exploradores-expansion-aventura?variant=47677985063166
Catan: Puzzles Lógicos - Juego de Estrategia en Solitario - Dark Hobbies,"$32,990",,,https://www.darkhobbies.cl/products/catan-puzzles-logicos-estrategia-solitario?variant=47677995221246
Catan: Viajeros a las Estrellas – El Duelo - Estrategia Espacial para 2 - Dark Hobbies,"$34,990",,Agotado,https://www.darkhobbies.cl/products/catan-viajeros-estrellas-el-duelo-juego-2-jugadores?variant=47678001643774
Catfé - Juego de Cartas de Sabotaje y Gatitos - Dark Hobbies,"$16,990",,,https://www.darkhobbies.cl/products/catfe-juego-cartas-gatitos?variant=48035994435838
Caza Bombas - Juego de Mesa Cooperativo y de Deducción - Dark Hobbies,"$44,990",,,https://www.darkhobbies.cl/products/caza-bombas-juego-mesa-cooperativo?variant=48164048994558
Cereal Killer - Juego de Deducción y Duelo Psicológico - Dark Hobbies,"$12,990",,,https://www.darkhobbies.cl/products/cereal-killer-juego-deduccion-primigenio?variant=47670886039806
Chao Pescao! - Juego de Mesa Party de Preguntas y Engaño - Dark Hobbies,"$19,990",,Agotado,https://www.darkhobbies.cl/products/chao-pescao-juego-mesa-party?variant=47851017699582
Chromino – Estrategia visual y colores en equilibrio,"$16,990",,Agotado,https://www.darkhobbies.cl/products/chromino?variant=47448316215550
Cities | Planificación urbana y estrategia accesible,"$27,990",,,https://www.darkhobbies.cl/products/cities?variant=47468959301886
Claro | Dos reglas. Muchas decisiones,"$12,990",,,https://www.darkhobbies.cl/products/claro?variant=47457367359742
Clavel Rosa de Madera Rolife 104 Piezas | Pink Carnation Rompecabezas 3D Decorativo,"$8,990",,,https://www.darkhobbies.cl/products/clavel-rosa-de-madera-rolife-104-piezas-pink-carnation-rompecabezas-3d-decorativo?variant=47998585307390
Coffee Rush,"$34,990",,Agotado,https://www.darkhobbies.cl/products/coffee-rush-juego-mesa-baristas-gestion-recursos?variant=48591290106110
Combat Commander: Europa - Juego de Estrategia Táctica WWII - Dark Hobbies,"$59,990",,,https://www.darkhobbies.cl/products/combat-commander-europa-juego-tierra-ww2?variant=48189352182014
Cómo Conocí a tu Serie,"$19,990",,Agotado,https://www.darkhobbies.cl/products/como-conoci-a-tu-serie-juego-mesa-party-tv?variant=48284641100030
"Copenhagen | Construye fachadas, optimiza y puntúa en grande","$49,990","$44,990",Oferta,https://www.darkhobbies.cl/products/copenhagen?variant=47468594921726
Cortex Kids 2 | Desafíos rápidos para mentes inquietas,"$14,990",,Agotado,https://www.darkhobbies.cl/products/cortex-kids-2?variant=47457586708734
Cubeez,"$19,990",,,https://www.darkhobbies.cl/products/cubeez-juego-mesa-infantil-bloques-velocidad?variant=48443097317630
Dados Pato Mar,"$15,990",,,https://www.darkhobbies.cl/products/dados-pato-mar-juego-mesa-party-adultos-bebida?variant=48496964632830
Deckbox Donde las Papas Queman,"$8,990",,,https://www.darkhobbies.cl/products/deckbox-donde-las-papas-queman-juego-mesa-protectores?variant=48496897655038
"Dino Fiesta - Juego de Cartas Familiar, Dinosaurios y Astucia - Dark Hobbies","$17,990",,Agotado,https://www.darkhobbies.cl/products/dino-fiesta-juego-cartas-familiar-rocket-lemon?variant=47506357551358
Dioses de Náucratis - Juego de Mesa de Deducción y Party - Dark Hobbies,"$14,990","$13,500",Oferta,https://www.darkhobbies.cl/products/dioses-de-naucratis-juego-deduccion?variant=48038121341182
"Dixit | Imaginación, emociones y pistas sutiles","$29,990",,,https://www.darkhobbies.cl/products/dixit?variant=47468951961854
"Dobble 31 Minutos | Reflejos, risas y símbolos del noticiero más loco","$15,990",,Agotado,https://www.darkhobbies.cl/products/dobble-31-minutos?variant=47455769788670
Dobble Bluey - Juego de Mesa de Observación para Niños - Dark Hobbies,"$16,990",,,https://www.darkhobbies.cl/products/dobble-bluey-juego-infantil?variant=47862928244990
Dobble Catan - Juego de Mesa de Velocidad y Observación - Dark Hobbies,"$16,990",,,https://www.darkhobbies.cl/products/dobble-catan-juego-mesa-especial?variant=47739064287486
Dobble Chile,"$15,990",,,https://www.darkhobbies.cl/products/dobble-chile-juego-mesa-cartas-agilidad-visual?variant=48591305933054
Dobble Disney & Pixar - Juego de Mesa de Observación y Velocidad - Dark Hobbies,"$16,990",,,https://www.darkhobbies.cl/products/dobble-disney-pixar-juego-90-cartas?variant=47863160406270
Dobble Eco Blister - Juego de Mesa de Velocidad y Observación - Dark Hobbies,"$11,990",,Agotado,https://www.darkhobbies.cl/products/dobble-eco-blister-juego-rapidez?variant=47863170531582
Dobble Harry Potter | Rapidez mágica en el mundo de Hogwarts,"$16,990",,Agotado,https://www.darkhobbies.cl/products/dobble-harry-potter?variant=47451728019710
Dobble Spider-Man - Juego de Mesa Marvel de Velocidad - Dark Hobbies,"$16,990",,,https://www.darkhobbies.cl/products/dobble-spider-man-marvel-eco-sleeve?variant=47739042726142
Dobble Super Mario,"$16,990",,Agotado,https://www.darkhobbies.cl/products/dobble-super-mario-juego-de-mesa-de-agilidad-visual-y-reflejos-dark-hobbies?variant=48607420154110
Dobble – El clásico de los símbolos (rápido y adictivo),"$14,990",,Agotado,https://www.darkhobbies.cl/products/dobble?variant=47451719696638
Dobble: One Piece,"$16,990",,,https://www.darkhobbies.cl/products/dobble-one-piece-juego-de-mesa-de-agilidad-visual-y-reflejos-dark-hobbies?variant=48607417303294
Dobble: Paw Patrol,"$16,990",,,https://www.darkhobbies.cl/products/dobble-paw-patrol-juego-de-mesa-de-agilidad-visual-e-infantil-dark-hobbies?variant=48607419072766
Dobble: The Lord of the Rings - Juego de Mesa de El Señor de los Anillos - Dark Hobbies,"$16,990",,,https://www.darkhobbies.cl/products/dobble-el-senor-de-los-anillos-juego-mesa?variant=47738935443710
Dodos Riding Dinos: First Race - Juego de Mesa de Carreras y Destreza - Dark Hobbies,"$29,990",,,https://www.darkhobbies.cl/products/dodos-riding-dinos-first-race?variant=48038153814270
Doggy Style: Segunda Edición - Juego de Cartas de 31 Minutos - Dark Hobbies,"$14,990",,Agotado,https://www.darkhobbies.cl/products/doggy-style-31-minutos-segunda-edicion?variant=47701536538878
Donde las Papas Queman - Juego de Cartas de Interacción y Venganza - Dark Hobbies,"$15,990",,,https://www.darkhobbies.cl/products/donde-las-papas-queman-juego-cartas-familiar?variant=47648134562046
Donde las Papas Queman: Apapalipsis - Juego de Cartas y Caos Total - Dark Hobbies,"$16,990",,Agotado,https://www.darkhobbies.cl/products/donde-las-papas-queman-apapalipsis-salta-pal-lao?variant=47648148586750
Eevee 2 – Pokémon Model Kit | Bandai,"$14,990","$12,990",Agotado,https://www.darkhobbies.cl/products/evee-2-pokemon-model-kit?variant=47489128235262
Eevee – Pokémon Model Kit | Bandai,"$14,990","$12,990",Agotado,https://www.darkhobbies.cl/products/evee-pokemon-model-kit?variant=47489117356286
El Abejorro Tramposo | Aquí hacer trampa… es parte del plan,"$14,990",,Agotado,https://www.darkhobbies.cl/products/el-abejorro-tramposo?variant=47455985959166
El Gato y la Torre - Juego de Mesa Cooperativo y de Destreza - Dark Hobbies,"$21,990",,Agotado,https://www.darkhobbies.cl/products/el-gato-y-la-torre-juego-cooperativo?variant=47701542830334
El Principito: Hazme un Planeta,"$21,990",,,https://www.darkhobbies.cl/products/el-principito-hazme-un-planeta?variant=48713364177150
El Señor de los Anillos: Aventura hacia el Monte del Destino | Un viaje épico en equipo,"$34,990","$31,500",Agotado,https://www.darkhobbies.cl/products/el-senor-de-los-anillos-aventura-hacia-el-monte-del-destino?variant=47448173019390
El Señor de los Anillos: El Destino de la Comunidad – Juego cooperativo épico en la Tierra Media,"$69,990",,,https://www.darkhobbies.cl/products/el-senor-de-los-anillos-el-destino-de-la-comunidad?variant=47448306417918
Entry Nipper Bandai Spirits | Alicate Cortador para Model Kit Gunpla,"$14,990","$13,990",Oferta,https://www.darkhobbies.cl/products/entry-nipper-bandai-spirits-alicate-cortador-para-model-kit-gunpla?variant=47998685708542
Ese Juego de los Sonidos - Party Game de Equipos y Mímica Sonora - Dark Hobbies,"$29,990",,,https://www.darkhobbies.cl/products/ese-juego-de-los-sonidos-party-game?variant=47738919846142
Exploding Kittens Edición 2 Jugadores - Juego de Mesa  - Dark Hobbies,"$9,990",,Agotado,https://www.darkhobbies.cl/products/exploding-kittens-2-jugadores-juego-duelos?variant=47851416289534
Exploding Kittens NSFW Edición 3.0 (Pink),"$21,990",,,https://www.darkhobbies.cl/products/exploding-kittens-nsfw-edicion-3-0-pink-juego-de-mesa-de-cartas-y-humor-adulto-dark-hobbies?variant=48607438307582
Exploding Kittens | El juego de cartas más explosivo,"$20,990",,,https://www.darkhobbies.cl/products/exploding-kittens?variant=47469128614142
"Exploding Kittens: Netflix Edition - Juego de Cartas Familiar, Humor y Ruleta Rusa Gatuna - Dark Hobbies","$21,990",,Agotado,https://www.darkhobbies.cl/products/exploding-kittens-netflix-edition-juego-cartas-party?variant=47469151092990
Exploding Kittens: Party Pack,"$29,990",,Agotado,https://www.darkhobbies.cl/products/exploding-kittens-party-pack-juego-de-mesa-de-cartas-y-ruleta-rusa-gatuna-dark-hobbies?variant=48607446597886
Exploding Kittens: Recetas del Desastre,"$33,990",,,https://www.darkhobbies.cl/products/exploding-kittens-recetas-del-desastre-juego-de-mesa-de-cartas-dark-hobbies?variant=48607449514238
Exploding Minions | Caos amarillo al estilo Exploding Kittens,"$26,990","$22,500",Agotado,https://www.darkhobbies.cl/products/exploding-minions?variant=47469132546302
Exploding Pigeon: Cucu-Rrucu-¡Buum! - Juego de Mesa Party por Equipos - Dark Hobbies,"$24,990","$22,500",Oferta,https://www.darkhobbies.cl/products/exploding-pigeon-juego-party-equipos?variant=47738924794110
"Fantasma Blitz | Reflejos, observación y risas a toda velocidad","$17,990",,,https://www.darkhobbies.cl/products/fantasma-blitz?variant=47457582383358
Fiebre de Papas por la Noche - Juego de Mesa de Baile y Estrategia - Dark Hobbies,"$15,990",,,https://www.darkhobbies.cl/products/fiebre-de-papas-por-la-noche-juego?variant=48145811472638
Flip 7 - Juego de Cartas de Gestión de Riesgo y Secuencias Numéricas - Dark Hobbies,"$16,990",,Agotado,https://www.darkhobbies.cl/products/flip-7-juego-cartas-filler-matematico?variant=47567958180094
Flor de Madera Lila Rowood 154 Piezas | Rompecabezas 3D Maqueta de Madera,"$8,990",,,https://www.darkhobbies.cl/products/flor-de-madera-lila-rowood-154-piezas-rompecabezas-3d-maqueta-de-madera?variant=47996136456446
Forest Shuffle – Construye el bosque más equilibrado y vivo,"$32,990",,Agotado,https://www.darkhobbies.cl/products/forest-shuffle?variant=47448298520830
Fórmula 31 - Juego de Carreras de 31 Minutos,"$19,990",,,https://www.darkhobbies.cl/products/formula-31-juego-mesa-carreras-31-minutos?variant=47567933669630
Frosthaven,"$249,990",,Agotado,https://www.darkhobbies.cl/products/frosthaven-juego-mesa-campana-tactico-cooperativo?variant=48590890762494
Funda UpDown American 56 × 87 mm – Protección para cartas,"$2,490",,,https://www.darkhobbies.cl/products/funda-updown-american-56-x-87-mm?variant=47488538607870
"Funda UpDown Chimera 57,5 × 89 mm – Protección para cartas","$2,490",,,https://www.darkhobbies.cl/products/funda-updown-chimera-57-5-x-89-mm?variant=47488451346686
Funda UpDown European 59 × 92 mm – Protección para cartas,"$2,490",,,https://www.darkhobbies.cl/products/funda-updown-european-59-x-92-mm?variant=47488555483390
Funda UpDown Mini American 41 × 63 mm – Protección  para cartas,"$1,990",,,https://www.darkhobbies.cl/products/funda-updown-mini-american-41-x-63-mm?variant=47488589103358
Funda UpDown Mini Euro 44 × 68 mm – Protección para cartas,"$1,990",,Agotado,https://www.darkhobbies.cl/products/funda-updown-mini-euro-44-x-68-mm?variant=47488599818494
"Funda Updown Perfect Fit Standard (Inner) 63,5 x 88 mm-Protección de Cartas","$1,990",,Agotado,https://www.darkhobbies.cl/products/funda-updown-perfect-fit-standard-inner-63-5-x-88-mm?variant=47488550076670
"Funda UpDown Standard 63,5 × 88 mm – Protección  para cartas","$2,490",,Agotado,https://www.darkhobbies.cl/products/funda-updown-standard-63-5-x-88-mm?variant=47488568099070
Fundas Premium 67x103 mm Ultimate Guard (80 Unidades),"$6,990",,,https://www.darkhobbies.cl/products/fundas-premium-67x103-mm-ultimate-guard-80-unidades?variant=48131062497534
Fundas Premium American Mini 41x63 mm Dragon Shield Clear/NonGlare (100 Unidades),"$5,000",,Agotado,https://www.darkhobbies.cl/products/fundas-premium-american-mini-41x63-mm-dragon-shield-clear-nonglare-100-unidades?variant=48131454894334
Fundas Premium American Standard 57x89 mm Dragon Shield  (100 Unidades),"$6,000",,,https://www.darkhobbies.cl/products/fundas-premium-american-standard-57x89-mm-dragon-shield-100-unidades?variant=48131433562366
Fundas Premium Big Square 82x82 mm Ultimate Guard (50 Unidades),"$4,000",,,https://www.darkhobbies.cl/products/fundas-premium-big-square-82x82-mm-ultimate-guard-50-unidades?variant=48131458040062
Fundas Premium Common Standard 63x88 mm Dragon Shield  (100 Unidades),"$6,000",,Agotado,https://www.darkhobbies.cl/products/fundas-premium-common-standard-63x88-mm-dragon-shield-100-unidades?variant=48131436708094
Fundas Premium European Mini 45x68 mm Dragon Shield Clear/NonGlare (100 Unidades),"$5,000",,,https://www.darkhobbies.cl/products/fundas-premium-european-mini-45x68-mm-dragon-shield-clear-nonglare-100-unidades?variant=48131453747454
Fundas Premium European Standard 59x92 mm Dragon Shield Clear/NonGlare (100 Unidades),"$5,000",,,https://www.darkhobbies.cl/products/fundas-premium-european-standard-59x92-mm-dragon-shield-clear-nonglare-100-unidades?variant=48131437789438
Fundas Premium Extra Large 65x100 mm Dragon Shield Clear/NonGlare (100 Unidades),"$6,500",,,https://www.darkhobbies.cl/products/fundas-premium-extra-large-65x100-mm-dragon-shield-clear-nonglare-100-unidades?variant=48131445620990
Fundas Premium Oversize 80x120 mm Dragon Shield  (100 Unidades),"$8,000",,,https://www.darkhobbies.cl/products/fundas-premium-oversize-80x120-mm-dragon-shield-100-unidades?variant=48131433070846
Fundas Premium Small Square 53x53 mm Ultimate Guard (50 Unidades),"$2,500",,,https://www.darkhobbies.cl/products/fundas-premium-small-square-53x53-mm-ultimate-guard-50-unidades?variant=48131456041214
Fundas Soft Sleeves 62x94 mm Ultimate Guard (50 Unidades),"$3,990",,,https://www.darkhobbies.cl/products/fundas-soft-sleeves-62x94-mm-ultimate-guard-50-unidades?variant=48131114139902
Fundas Soft Sleeves 63x115 mm Ultimate Guard (80 Unidades),"$4,000",,,https://www.darkhobbies.cl/products/fundas-soft-sleeves-63x115-mm-ultimate-guard-80-unidades?variant=48131165257982
Fundas Soft Sleeves 72x112 mm Ultimate Guard (60 Unidades),"$3,990",,,https://www.darkhobbies.cl/products/fundas-soft-sleeves-72x112-mm-ultimate-guard-60-unidades?variant=48131103949054
Fundas Soft Sleeves 81x122 mm Ultimate Guard (90 Unidades),"$5,500",,,https://www.darkhobbies.cl/products/fundas-soft-sleeves-81x122-mm-ultimate-guard-90-unidades?variant=48131121873150
Fundas Soft Sleeves Standard American 67x103 mm Ultimate Guard (80 Unidades),"$3,990",,,https://www.darkhobbies.cl/products/fundas-soft-sleeves-standard-american-67x103-mm-ultimate-guard-80-unidades?variant=48131161161982
Fundas Supreme 43x65 mm Ultimate Guard  (50 Unidades),"$6,500",,,https://www.darkhobbies.cl/products/fundas-supreme-43x65-mm-ultimate-guard-50-unidades?variant=48131089596670
Gift Card Dark Hobbies (BooCards) - Tarjeta de Regalo Digital - Dark Hobbies,"$5,000",,,https://www.darkhobbies.cl/products/gift-card-dark-hobbies-boocards-tarjeta-regalo?variant=47482192691454
Gigantes Moviendo Mueblecitos - Juego de Mesa de Destreza y Habilidad - Dark Hobbies,"$24,990","$22,500",Oferta,https://www.darkhobbies.cl/products/gigantes-moviendo-mueblecitos-juego-destreza?variant=47739126776062
Gustos son gustos - Juego de Mesa Social de Mafalda - Dark Hobbies,"$14,990",,,https://www.darkhobbies.cl/products/gustos-son-gustos-juego-mafalda-social?variant=47701554561278
Happy Salmon - Juego de Mesa Party Ultra Rápido - Dark Hobbies,"$12,990",,,https://www.darkhobbies.cl/products/happy-salmon-juego-cartas-rapido?variant=47739128414462
Here to Slay - Juego de Cartas de Estrategia y Fantasía - Dark Hobbies,"$24,990",,Agotado,https://www.darkhobbies.cl/products/here-to-slay-juego-cartas-estrategia-fantasia?variant=48189405954302
Hitster,"$24,990",,,https://www.darkhobbies.cl/products/hitster-original-juego-mesa-trivia-musical-spotify?variant=48307083739390
Hitster Latino,"$24,990",,,https://www.darkhobbies.cl/products/hitster-latino-juego-mesa-trivia-musical-app?variant=48307077579006
Hitster: Summer Party,"$24,990",,,https://www.darkhobbies.cl/products/hitster-summer-party-juego-mesa-trivia-musical?variant=48307117621502
Hitster: Temazos,"$24,990",,,https://www.darkhobbies.cl/products/hitster-temazos-juego-mesa-trivia-musical?variant=48307144360190
Hive Pocket Ultimate,"$21,990",,,https://www.darkhobbies.cl/products/hive-pocket-ultimate-juego-de-mesa-de-estrategia-y-logica-dark-hobbies?variant=48607422218494
Holi: Festival of Colors | Estrategia ligera y explosión de color,"$49,990","$44,990",Oferta,https://www.darkhobbies.cl/products/holi?variant=47468749914366
Hues and Cues,"$29,990",,,https://www.darkhobbies.cl/products/hues-and-cues-juego-mesa-colores-comunicacion?variant=48284730228990
"Ilari, Ilari, Ilarie… ¡Cántalo! - Juego Party Musical y de Desafíos - Dark Hobbies","$19,990",,,https://www.darkhobbies.cl/products/ilari-ilari-ilarie-cantalo-juego-musical-hellofun?variant=47626399383806
Illusion | Nada es lo que parece,"$12,990",,Agotado,https://www.darkhobbies.cl/products/illusion?variant=47457428111614
Imploding Kittens - Expansión para Exploding Kittens - Dark Hobbies,"$16,990",,,https://www.darkhobbies.cl/products/imploding-kittens-expansion-juego-cartas?variant=47651422667006
Jardines de Bolsillo - Juego de Mesa Familiar y Estrategia - Dark Hobbies,"$12,990",,Agotado,https://www.darkhobbies.cl/products/jardines-de-bolsillo-juego-mesa?variant=48038151815422
Jigglypuff – Pokémon Model Kit | Bandai,"$14,990","$12,990",Oferta,https://www.darkhobbies.cl/products/jigglypuff-pokemon-model-kit?variant=47489133740286
Joking Hazard,"$24,990",,,https://www.darkhobbies.cl/products/joking-hazard-juego-de-mesa-de-humor-negro-y-comics-dark-hobbies?variant=48607443681534
Jungo | Gana rápido… o refuerza tu mano,"$14,990","$13,500",Oferta,https://www.darkhobbies.cl/products/jungo?variant=47456011944190
Kitten Box | Velocidad felina en una noche de locura gatun,"$21,990",,,https://www.darkhobbies.cl/products/kitten-box?variant=47455760187646
"Kittin - Juego de Mesa de Destreza, Rapidez y Apilado de Gatitos - Dark Hobbies","$12,990",,Agotado,https://www.darkhobbies.cl/products/kittin-juego-mesa-destreza-lata-portatil?variant=47485148496126
La Feria de las Pulgas de Titirilquén,"$14,990",,,https://www.darkhobbies.cl/products/feria-de-las-pulgas-31-minutos-juego?variant=47877101682942
"La Morada Maldita | Rápido, caótico y con una joya maldita","$19,990",,,https://www.darkhobbies.cl/products/morada-maldita?variant=47455628787966
La Previa - Juego Party de Desafíos y Convivencia Social - Dark Hobbies,"$19,990",,Agotado,https://www.darkhobbies.cl/products/la-previa-juego-party-social-hellofun?variant=47626366845182
La Tripulación: En Busca del Noveno Planeta - Juego de Mesa Cooperativo y de Bazas - Dark Hobbies,"$19,990",,Agotado,https://www.darkhobbies.cl/products/la-tripulacion-en-busca-del-noveno-planeta-juego-mesa?variant=47469232390398
Las Leyendas de Andor: La Helada Eterna,"$49,990",,,https://www.darkhobbies.cl/products/las-leyendas-de-andor-frio-eterno-juego-mesa-cooperativo?variant=48393142567166
Line It | ¿Cobras ahora… o sigues arriesgando?,"$13,990",,,https://www.darkhobbies.cl/products/line-it?variant=47448268374270
Link City,"$21,990",,,https://www.darkhobbies.cl/products/link-city-juego-mesa-cooperativo?variant=48393090859262
Listo para Imprenta - Juego de Mesa de Maquetación y Tiempo Real - Dark Hobbies,"$35,990",,,https://www.darkhobbies.cl/products/listo-para-imprenta-juego-mesa-periodico?variant=48164133044478
Llamagedón - Juego de Cartas de Supervivencia y Humor - Dark Hobbies,"$15,990",,Agotado,https://www.darkhobbies.cl/products/llamagedon-juego-cartas-salta-pal-lao?variant=47648167887102
Los Hombres Lobo de Castronegro,"$9,990",,,https://www.darkhobbies.cl/products/hombres-lobo-de-castronegro-juego-de-mesa-de-deduccion-social-dark-hobbies?variant=48607423660286
Lud8 | El Ludo chileno que se fue de carrete,"$12,990","$11,500",Oferta,https://www.darkhobbies.cl/products/ludo-8?variant=47455771787518
"Mal Trago - Juego Party de Goblins, Pociones Mortales y Traición - Dark Hobbies","$15,990",,,https://www.darkhobbies.cl/products/mal-trago-juego-cartas-party-goblins?variant=47506347327742
Maldita Palabrita - Juego de Mesa de Palabras y Deducción - Dark Hobbies,"$15,990",,Agotado,https://www.darkhobbies.cl/products/maldita-palabrita-juego-de-mesa?variant=47863231250686
Master Dater,"$24,990",,,https://www.darkhobbies.cl/products/master-dater-juego-de-mesa-de-citas-y-humor-negro-dark-hobbies?variant=48607428837630
Match Madness – Desafío visual de velocidad y lógica para toda la familia,"$24,990","$19,990",Agotado,https://www.darkhobbies.cl/products/match-madness?variant=47448320016638
"Math Blox – Cálculo rápido, lógica y reflejos en acción","$16,990","$13,500",Oferta,https://www.darkhobbies.cl/products/math-blox?variant=47448317460734
Maze Scape Kids: Hipnos – Juego de laberintos y exploración para niños,"$9,990","$6,000",Oferta,https://www.darkhobbies.cl/products/maze-scape-kids-hipnos?variant=47448340103422
Mazescape: Cryo-C | Escapa doblando el mapa,"$9,990","$7,000",Oferta,https://www.darkhobbies.cl/products/mazescape-cryo-c?variant=47455932678398
Mente Vacuna - Juego Party de Pensamiento Grupal y Risas - Dark Hobbies,"$21,990",,Agotado,https://www.darkhobbies.cl/products/mente-vacuna-juego-party-opinion-rebano?variant=47666410291454
Mesa Para Dos - Juego para Parejas con 200 Preguntas - Dark Hobbies,"$19,990",,Agotado,https://www.darkhobbies.cl/products/mesa-para-dos-juego-preguntas-parejas?variant=47850992795902
Mew – Pokémon Model Kit | Bandai,"$14,990","$12,990",Agotado,https://www.darkhobbies.cl/products/mew-pokemon-model-kit?variant=47489109098750
MG 1/100 Aile Strike Gundam – Gunpla Master Grade | Bandai,"$54,990","$46,990",Oferta,https://www.darkhobbies.cl/products/mg-1-100-aile-strike-gundam?variant=47492526702846
MG 1/100 Buster Gundam – Gunpla Master Grade | Bandai,"$49,990","$42,990",Oferta,https://www.darkhobbies.cl/products/mg-1-100-buster-gundam?variant=47492474077438
MG 1/100 Force Impulse Gundam – Gunpla Master Grade | Bandai,"$54,990",,,https://www.darkhobbies.cl/products/mg-1-100-force-impulse-gundam?variant=47492460675326
MG 1/100 Strike Freedom Gundam – Gunpla Master Grade | Bandai,"$56,990",,Agotado,https://www.darkhobbies.cl/products/mg-1-100-strike-freedom-gundam?variant=47492515758334
Mind Up - Juego de Cartas de Selección Simultánea y Predicción - Dark Hobbies,"$19,990",,,https://www.darkhobbies.cl/products/mind-up-juego-cartas-estrategia-tranjis?variant=47506359877886
Monopoly Mario Kart - Juego de Mesa Familiar de Carreras y Poderes - Dark Hobbies,"$39,990",,,https://www.darkhobbies.cl/products/monopoly-mario-kart-juego-mesa-familiar?variant=47485161603326
Monopoly Pokémon - Juego de Mesa Familiar de Captura y Estrategia - Dark Hobbies,"$30,990",,Agotado,https://www.darkhobbies.cl/products/monopoly-pokemon-juego-mesa-familiar-oficial?variant=47485207904510
"Monopoly – El clásico juego de compra, venta y negociación","$19,990",,,https://www.darkhobbies.cl/products/monopoly?variant=47448335810814
Monopoly: Dados y Tragos – El Monopoly fiestero para adultos (+18),"$24,990",,,https://www.darkhobbies.cl/products/monopoly-dados-y-tragos?variant=47448336400638
Monopoly: Parada Libre - Expansión Oficial de Fortuna y Reglas Caseras - Dark Hobbies,"$12,990",,Agotado,https://www.darkhobbies.cl/products/monopoly-parada-libre-expansion-oficial?variant=47485240180990
Monopoly: Todo a la Venta - Expansión Oficial de Negociación y Caos - Dark Hobbies,"$12,990",,Agotado,https://www.darkhobbies.cl/products/monopoly-todo-a-la-venta-expansion-oficial?variant=47485242638590
Monopoly: Ve a la Cárcel - Expansión Oficial de Castigos y Giros Estratégicos - Dark Hobbies,"$11,990",,,https://www.darkhobbies.cl/products/monopoly-ve-a-la-carcel-expansion-oficial?variant=47485239591166
Montaña Pingüino,"$22,990",,Agotado,https://www.darkhobbies.cl/products/montana-pinguino-juego-mesa-carreras-modular-party?variant=48496991174910
"My City: Roll & Write - Juego de Mesa de Dados, Construcción y Estrategia Ligera - Dark Hobbies","$14,900","$13,500",Oferta,https://www.darkhobbies.cl/products/my-city-roll-and-write-juego-mesa-dados?variant=47469231702270
Naipe Copag Texas Hold’em Poker – Cartas Profesionales 100% PVC,"$6,990",,Agotado,https://www.darkhobbies.cl/products/naipes-copag-texas-hold-em-poker-cartas-profesionales-100-pvc?variant=47894149595390
"Nebula - Juego de Estrategia, Gravedad y Colocación Estelar - Dark Hobbies","$34,990","$31,500",Agotado,https://www.darkhobbies.cl/products/nebula-juego-estrategia-fractal-juegos?variant=47651390783742
Nexos - Juego de Estrategia Vertical y Conexión - Dark Hobbies,"$25,990",,,https://www.darkhobbies.cl/products/nexos-juego-estrategia-conexion-vertical?variant=48164112138494
Nidavellir | Forja el ejército enano definitivo,"$37,990","$34,500",Agotado,https://www.darkhobbies.cl/products/nidavellir?variant=47448142184702
No Puedes Decir “Eh” - Juego de Mesa Party y de Comunicación - Dark Hobbies,"$22,990",,Agotado,https://www.darkhobbies.cl/products/no-puedes-decir-eh-juego-party?variant=47738311672062
Odín - Juego de Mesa de Cartas y Estrategia Vikinga - Dark Hobbies,"$12,990",,,https://www.darkhobbies.cl/products/odin-juego-de-mesa-cartas-vikingo?variant=47701640347902
OhMis Cocos - Juego de Mesa Party Familiar y Absurdo - Dark Hobbies,"$15,990","$14,500",Oferta,https://www.darkhobbies.cl/products/oh-mis-cocos-juego-party?variant=48038114885886
Omelette Express,"$19,990",,,https://www.darkhobbies.cl/products/omelette-express?variant=48713386721534
Onirim | Un desafío onírico de lógica y cartas,"$29,990",,Agotado,https://www.darkhobbies.cl/products/onirim?variant=47457593655550
Oráculo Loco,"$21,990",,,https://www.darkhobbies.cl/products/oraculo-loco-juego-mesa-cooperativo?variant=48393032499454
Organizador de Componentes Draxos - Token Holders (3 unidades),"$2,990",,,https://www.darkhobbies.cl/products/organizador-de-componentes-draxos-token-holders-3-unidades?variant=48707157065982
"OUCH! - Juego de Mesa Familiar de Cartas, Suerte y Gestión de Riesgo - Dark Hobbies","$13,990",,,https://www.darkhobbies.cl/products/ouch-juego-mesa-familiar-cartas-devir?variant=47469237010686
P de Pizza - Juego de Mesa de Palabras y Rapidez Mental - Dark Hobbies,"$14,990",,Agotado,https://www.darkhobbies.cl/products/p-de-pizza-juego-de-mesa-palabras?variant=47739138932990
Pack Virus! Completo - Juego Base + Expansión Virus! 2 Evolution - Dark Hobbies,"$35,980","$34,980",Agotado,https://www.darkhobbies.cl/products/pack-virus-completo-base-expansion-2?variant=47735511187710
"Panda Royale | Dados, clanes y gloria en la gran competencia panda","$34,990",,,https://www.darkhobbies.cl/products/panda-royale?variant=47448257954046
Pareja de Pacotilla,"$22,990",,,https://www.darkhobbies.cl/products/pareja-de-pacotilla-juego-de-mesa-de-humor-absurdo-y-comics-dark-hobbies?variant=48607430443262
Paren la Nave! - Juego de Mesa de Intuición y Apuestas - Dark Hobbies,"$19,990",,Agotado,https://www.darkhobbies.cl/products/paren-la-nave-juego-mesa-trivia?variant=47851256086782
Party Panda Pirates - Juego de Mesa Familiar de Minijuegos - Dark Hobbies,"$34,990",,,https://www.darkhobbies.cl/products/party-panda-pirates-juego-familiar?variant=48037885968638
Peluche Donde las Papas Queman,"$18,990",,,https://www.darkhobbies.cl/products/peluche-donde-las-papas-queman-salta-pal-lao-oficial?variant=48497004413182
Pelusas | Acumula… roba… y cruza los dedos,"$12,990",,,https://www.darkhobbies.cl/products/pelusas?variant=47457143161086
"Pelusas: Revolution - Juego de Cartas de Riesgo, Robos y Caos Familiar - Dark Hobbies","$14,990",,Agotado,https://www.darkhobbies.cl/products/pelusas-revolution-juego-cartas-push-your-luck?variant=47567882780926
Pichanga - Juego de Mesa de Fútbol y Trivia en Equipos - Dark Hobbies,"$19,990","$18,990",Oferta,https://www.darkhobbies.cl/products/pichanga-juego-de-mesa-futbol?variant=47850997022974
Pick-a-Cerdo,"$12,990",,,https://www.darkhobbies.cl/products/pick-a-cerdo-juego-cartas-party-agilidad-visual?variant=48443109703934
Pick-a-Perro,"$12,990",,,https://www.darkhobbies.cl/products/pick-a-perro-juego-cartas-party-agilidad-visual?variant=48443154661630
Piensa Rápido (Tilt ‘n Shout) - Juego de Mesa por Equipos y Agilidad Mental - Dark Hobbies,"$19,990",,,https://www.darkhobbies.cl/products/piensa-rapido-tilt-n-shout-juego-party?variant=48189400711422
Pikachu – Pokémon Model Kit | Bandai,"$14,990","$12,990",Agotado,https://www.darkhobbies.cl/products/pikachu-model-kit?variant=47488800030974
Piles! - Juego de Mesa de Velocidad y Recolección de Ropa - Dark Hobbies,"$19,990",,,https://www.darkhobbies.cl/products/piles-juego-de-cartas-velocidad?variant=47862903767294
Piplup – Pokémon Model Kit | Bandai,"$14,990","$12,990",Agotado,https://www.darkhobbies.cl/products/piplup-model-kit?variant=47489126367486
Pistas Cruzadas | Conecta las palabras antes que el tiempo se acabe,"$16,990","$12,500",Oferta,https://www.darkhobbies.cl/products/pistas-cruzadas?variant=47455765692670
Play HIT: Vuelta a los 2000,"$24,990",,,https://www.darkhobbies.cl/products/play-hit-vuelta-a-los-2000?variant=48607452561662
Pokémon TCG Mega Lucario ex Figure Collection – Caja Coleccionable (Inglés),"$38,990","$34,990",Agotado,https://www.darkhobbies.cl/products/pokemon-tcg-mega-lucario-ex-figure-collection-caja-coleccionable-ingles?variant=47851508957438
Pokémon TCG: Elite Trainer Box (ETB) - Mega Evolution: Pitch Black (ing),"$68,990",,,https://www.darkhobbies.cl/products/pokemon-tcg-elite-trainer-box-etb-mega-evolution-pitch-black-ing?variant=48713460515070
Pokémon TCG: Mega Charizard X ex Ultra-Premium Collection - UPC Inglés - Dark Hobbies,"$169,990","$139,990",Agotado,https://www.darkhobbies.cl/products/mega-charizard-x-ex-ultra-premium-collection?variant=47875203760382
Pokémon TCG: Mega Kangaskhan ex Box - Colección 30 Aniversario (Inglés) - Dark Hobbies,"$29,990","$27,990",Agotado,https://www.darkhobbies.cl/products/mega-kangaskhan-ex-box-pokemon-tcg?variant=47851500732670
Pokémon TCG: Mega Venusaur ex Premium Collection - Caja Especial (Inglés) - Dark Hobbies,"$52,990",,Agotado,https://www.darkhobbies.cl/products/mega-venusaur-ex-premium-collection-tcg?variant=47851671027966
Pokémon TCG: Pokémon Day 2026 Collection - 30 Aniversario (Inglés) - Dark Hobbies,"$21,990",,Agotado,https://www.darkhobbies.cl/products/pokemon-day-2026-collection-30-aniversario?variant=47875212181758
Polaris - Juego de Estrategia Familiar y Constelaciones - Dark Hobbies,"$34,990","$31,500",Oferta,https://www.darkhobbies.cl/products/polaris-juego-estrategia-fractal-juegos?variant=47651388621054
Polilla Tramposa - Juego de Cartas de Engaño y Risas - Dark Hobbies,"$15,990",,,https://www.darkhobbies.cl/products/polilla-tramposa-juego-cartas-engano?variant=47678005149950
Póquer de Bichos | Miente bien… o cómete el bicho,"$15,990",,Agotado,https://www.darkhobbies.cl/products/poquer-de-bichos?variant=47456039600382
Preguntas de Mierda 2ª Edición - Juego de Mesa para Adultos (+18) - Dark Hobbies,"$19,990",,,https://www.darkhobbies.cl/products/preguntas-de-mierda-2-edicion-juego-adultos?variant=47739452981502
Protectores Chimera Draxos (57.5 x 89 mm),"$2,490",,,https://www.darkhobbies.cl/products/protectores-chimera-draxos-57-5-x-89-mm?variant=48695466197246
Protectores Dixit Draxos para Cartas 80 x 120 mm,"$2,990",,,https://www.darkhobbies.cl/products/protectores-dixit-draxos-para-cartas-80-x-120-mm?variant=48695552409854
Protectores Mini European Draxos (44 x 68 mm),"$1,990",,,https://www.darkhobbies.cl/products/protectores-mini-european-draxos-44-x-68-mm?variant=48695403774206
Protectores Perfect Fit Inner Sleeves Draxos 63.5 x 88 mm,"$1,990",,,https://www.darkhobbies.cl/products/protectores-perfect-fit-inner-sleeves-draxos-63-5-x-88-mm?variant=48695560601854
Protectores Standard American Draxos (57 x 89 mm),"$2,490",,,https://www.darkhobbies.cl/products/protectores-standard-american-draxos-57-x-89-mm?variant=48695428645118
Protectores Standard Draxos (63.5 x 88 mm),"$2,490",,,https://www.darkhobbies.cl/products/protectores-standard-draxos-63-5-x-88-mm?variant=48695498998014
Protectores Standard European Draxos 59 x 91 mm,"$2,490",,,https://www.darkhobbies.cl/products/protectores-standard-european-draxos-59-x-91-mm?variant=48695520526590
Protectores Standard Matte Draxos 63.5 x 88 mm,"$3,990",,,https://www.darkhobbies.cl/products/protectores-standard-matte-draxos-63-5-x-88-mm?variant=48695514333438
Protectores Tarot Draxos  70 x 120 mm,"$2,990",,,https://www.darkhobbies.cl/products/protectores-tarot-draxos-70-x-120-mm?variant=48695533601022
Protectores Wonder Draxos  65 x 100 mm,"$2,990",,,https://www.darkhobbies.cl/products/protectores-wonder-draxos-65-x-100-mm?variant=48695524163838
Puzzle 31 Minutos: Escenas Cotidianas de Titirilquén (1000 piezas),"$16,990",,,https://www.darkhobbies.cl/products/puzzle-31-minutos-titirilquen-1000-piezas?variant=47568171106558
Puzzle 31 Minutos: Mapa de Titirilquén a Escala (200 piezas),"$16,990",,,https://www.darkhobbies.cl/products/puzzle-31-minutos-mapa-de-titirilquen-a-escala-200-piezas?variant=48713457172734
Puzzle El Gran Tusunami (500 piezas),"$16,990",,,https://www.darkhobbies.cl/products/puzzle-gran-tusunami-500-piezas-fractal?variant=47568167010558
Queendomino - Estrategia de Construcción de Reinos - Dark Hobbies,"$29,990",,,https://www.darkhobbies.cl/products/queendomino-juego-mesa-estrategia-familiar?variant=48189331505406
"Quick Stop | Piensa rápido, habla primero","$24,990",,,https://www.darkhobbies.cl/products/quick-stop?variant=47457535852798
Quoridor Pac-Man | Estrategia abstracta con sabor a arcade,"$39,990",,Agotado,https://www.darkhobbies.cl/products/pacman-quoridor?variant=47468934791422
Qwixx | Tacha rápido… o quédate atrás,"$12,990","$10,000",Oferta,https://www.darkhobbies.cl/products/qwixx?variant=47456048546046
Ranking Top – 31 Minutos | Arma tu ranking musical y gana el hit del año,"$14,990",,,https://www.darkhobbies.cl/products/ranking-top-31-minutos?variant=47455614206206
RCG: Random Card Generator - Juego de Cartas de Fantasía y Caos - Dark Hobbies,"$14,990",,,https://www.darkhobbies.cl/products/rcg-random-card-generator-juego-caos?variant=47738006470910
RG 1/144 MS-06F Zaku II – Gunpla Real Grade | Bandai,"$32,990","$28,000",Agotado,https://www.darkhobbies.cl/products/rg-1-144-ms-06f-zaku-ii?variant=47492608884990
RG 1/144 MS-06S Zaku II (Char Aznable) – Gunpla Real Grade | Bandai,"$32,990","$28,000",Agotado,https://www.darkhobbies.cl/products/rg-1-144-ms-06s-zaku?variant=47492612849918
RG 1/144 MSM-07 Z’GOK – Gunpla Real Grade | Bandai,"$32,990","$28,000",Oferta,https://www.darkhobbies.cl/products/rg-1-144-zgok-char-custom?variant=47492593058046
Rin Rin Raja - Juego de Cartas de Picardía y Velocidad - Dark Hobbies,"$15,990","$14,500",Oferta,https://www.darkhobbies.cl/products/rin-rin-raja-juego-cartas-salta-pal-lao?variant=47648157303038
Rory’s Story Cubes - Edición Clásica - Juego de Dados Creativo - Dark Hobbies,"$11,990",,Agotado,https://www.darkhobbies.cl/products/rorys-story-cubes-clasico-dados?variant=47739534606590
Rory’s Story Cubes - Juego de Dados para Inventar Historias - Dark Hobbies,"$11,990",,Agotado,https://www.darkhobbies.cl/products/rorys-story-cubes-juego-dados-creatividad?variant=47739532607742
Rosa Roja de Madera Rowood 104 Piezas | Rompecabezas 3D Decoración Floral,"$8,990",,,https://www.darkhobbies.cl/products/rosa-roja-de-madera-rowood-104-piezas-rompecabezas-3d-decoracion-floral?variant=47996153528574
Rosa Rosada de Madera Rolife 104 Piezas | Pink Rose Rompecabezas 3D Decorativo,"$8,990",,,https://www.darkhobbies.cl/products/rosa-rosada-de-madera-rolife-104-piezas-pink-rose-rompecabezas-3d-decorativo?variant=47998601953534
Saboteur - Juego de Mesa de Roles Ocultos y Traición - Dark Hobbies,"$12,990",,,https://www.darkhobbies.cl/products/saboteur-juego-mesa-roles-ocultos?variant=47877114200318
"Sagrada | Crea el vitral perfecto con luz, color y estrategia","$44,990",,Agotado,https://www.darkhobbies.cl/products/sagrada?variant=47448185110782
"Salsacia vs Conservia - Juego de Mesa de 31 Minutos, Destreza y Mini-juegos - Dark Hobbies","$16,990",,,https://www.darkhobbies.cl/products/salsacia-vs-conservia-juego-mesa-31-minutos-party?variant=47455621480702
"Samoa | Engaña, deduce y protege tu identidad","$10,990",,Agotado,https://www.darkhobbies.cl/products/samoa?variant=47457411858686
Scorbunny – Pokémon Model Kit | Bandai,"$14,990","$12,990",Oferta,https://www.darkhobbies.cl/products/scorbunny-pokemon-model-kit?variant=47492055826686
Scout - Juego de Mesa de Cartas y Estrategia - Dark Hobbies,"$19,990",,,https://www.darkhobbies.cl/products/scout-juego-de-mesa-cartas?variant=47738147307774
"Scythe | Estrategia, poder y ambición en una Europa alternativa","$94,990",,Agotado,https://www.darkhobbies.cl/products/scythe?variant=47448002461950
SERVD Parejas,"$21,990",,Agotado,https://www.darkhobbies.cl/products/servd-parejas-juego-cartas-estrategia-real-humor?variant=48443169833214
Set de Dados  Draxos - Double Color Glitter: Green & Yellow,"$8,990",,,https://www.darkhobbies.cl/products/set-de-dados-draxos-double-color-glitter-green-yellow?variant=48706924249342
Set de Dados  Draxos - Double Color: Black & Purple,"$6,990",,,https://www.darkhobbies.cl/products/set-de-dados-draxos-double-color-black-purple?variant=48707045064958
Set de Dados  Draxos - Double Color: Dark Blue & White,"$6,990",,,https://www.darkhobbies.cl/products/set-de-dados-draxos-double-color-dark-blue-white?variant=48707149791486
Set de Dados  Draxos - Double Color: Grey & Purple,"$6,990",,Agotado,https://www.darkhobbies.cl/products/set-de-dados-draxos-double-color-grey-purple?variant=48707029205246
Set de Dados  Draxos - Double Color: Light Blue & Pink,"$6,990",,,https://www.darkhobbies.cl/products/set-de-dados-draxos-double-color-light-blue-pink?variant=48707076489470
Set de Dados  Draxos - Double Color: Orange & Yellow,"$6,990",,Agotado,https://www.darkhobbies.cl/products/set-de-dados-draxos-double-color-orange-yellow?variant=48707080749310
Set de Dados  Draxos - Double Color: Pink & White,"$6,990",,,https://www.darkhobbies.cl/products/set-de-dados-draxos-double-color-pink-white?variant=48707125117182
Set de Dados  Draxos - Double Color: Red & White,"$6,990",,,https://www.darkhobbies.cl/products/set-de-dados-draxos-double-color-red-white?variant=48707087991038
Set de Dados Draxos - Double Color Glitter: Green & Pink,"$8,990",,,https://www.darkhobbies.cl/products/set-de-dados-draxos-double-color-glitter-green-pink?variant=48706960457982
Set de Dados Draxos - Double Color Glitter: Pink & Purple,"$8,990",,Agotado,https://www.darkhobbies.cl/products/set-de-dados-draxos-double-color-glitter-pink-purple?variant=48706948333822
Set de Dados Draxos - Double Color Glitter: Pink & Yellow,"$8,990",,,https://www.darkhobbies.cl/products/set-de-dados-draxos-double-color-glitter-pink-yellow?variant=48706919170302
Set de Dados Draxos - Double Color: Dark Green & White,"$6,990",,Agotado,https://www.darkhobbies.cl/products/set-de-dados-draxos-double-color-dark-green-white?variant=48707129966846
Set de Dados Draxos - Double Color: Green & White,"$6,990",,,https://www.darkhobbies.cl/products/set-de-dados-draxos-double-color-green-white?variant=48707155001598
Set de Dados Draxos - Double Color: Green & Yellow,"$6,900",,,https://www.darkhobbies.cl/products/set-de-dados-draxos-double-color-green-yellow?variant=48707154084094
Set de Dados Draxos - Double Color: Light Blue & Purple,"$6,990",,,https://www.darkhobbies.cl/products/set-de-dados-draxos-double-color-light-blue-purple?variant=48707128393982
Set de Dados Draxos - Double Color: Light Blue & White,"$6,990",,,https://www.darkhobbies.cl/products/set-de-dados-draxos-double-color-light-blue-white?variant=48707153723646
Set de Dados Draxos - Double Color: Orange & White,"$6,990",,,https://www.darkhobbies.cl/products/set-de-dados-draxos-double-color-orange-white?variant=48707147333886
Set de Dados Draxos - Double Color: Purple & White,"$6,990",,,https://www.darkhobbies.cl/products/set-de-dados-draxos-double-color-purple-white?variant=48707088843006
Set de Dados Draxos - Four Color: Celestial Sands (7 piezas),"$10,990",,Agotado,https://www.darkhobbies.cl/products/set-de-dados-draxos-four-color-celestial-sands-7-piezas?variant=48706890432766
Set de Herramientas PRO Metal Earth | Kit para Rompecabezas 3D Metálicos,"$21,990",,,https://www.darkhobbies.cl/products/set-de-herramientas-pro-metal-earth-kit-para-rompecabezas-3d-metalicos?variant=47998670962942
SETI: En Búsqueda de Vida Extraterrestre - Juego de Mesa Estratégico y Eurogame Experto - Dark Hobbies,"$69,990","$62,990",Agotado,https://www.darkhobbies.cl/products/seti-en-busqueda-de-vida-extraterrestre-juego-mesa?variant=47506354241790
"Skull King (2ª Edición) - Juego de Cartas de Bazas, Piratas y Apuestas - Dark Hobbies","$19,990",,,https://www.darkhobbies.cl/products/skull-king-segunda-edicion-juego-cartas-bazas?variant=47506358206718
Slowpoke – Pokémon Model Kit | Bandai,"$14,990",,Agotado,https://www.darkhobbies.cl/products/slowpoke-pokemon-model-kit?variant=47489112277246
"Splendor (Refresh) | Prestigio, gemas y decisiones elegantes","$34,990",,,https://www.darkhobbies.cl/products/splendor-refresh?variant=47456042254590
Splendor Duel | Estrategia intensa cara a cara,"$22,990",,Agotado,https://www.darkhobbies.cl/products/sin-nombre-30oct_10-48?variant=47468032819454
Splendor: El Sol Nunca Se Pone (EXPANSIÓN),"$14,990",,Agotado,https://www.darkhobbies.cl/products/splendor-el-sol-nunca-se-pone-expansion?variant=47457638023422
Splendor: La Ruta de la Seda (EXPANSIÓN)| Nuevos caminos hacia la victoria,"$14,990",,Agotado,https://www.darkhobbies.cl/products/splendor-la-ruta-de-la-seda?variant=47457642381566
Spooky Tower,"$21,990",,,https://www.darkhobbies.cl/products/spooky-tower?variant=48607462588670
Star Wars: Rory’s Story Cubes - Juego de Dados Narrativo - Dark Hobbies,"$15,990",,Agotado,https://www.darkhobbies.cl/products/star-wars-story-cubes-juego-dados?variant=47739523891454
Star Wars: Wanted Stormtrooper,"$10,990",,Agotado,https://www.darkhobbies.cl/products/wanted-stormtrooper-star-wars-juego-cartas-party?variant=48443178254590
"Survive The Island | Traiciones, caos y supervivencia","$27,990",,,https://www.darkhobbies.cl/products/survive-the-island?variant=47457627701502
Survive The Island: Monster Pack (EXPANSIÓN),"$11,990",,Agotado,https://www.darkhobbies.cl/products/survive-the-island-expansion?variant=47457634844926
Sushi Go! - Juego de Cartas Familiar de Draft y Combinación de Menús - Dark Hobbies,"$12,990",,,https://www.darkhobbies.cl/products/sushi-go-juego-cartas-familiar-devir?variant=47469234487550
Sushi Go! Gira y Come: Dim Sum - Juego de Cartas Familiar y Draft - Dark Hobbies,"$24,990","$22,500",Oferta,https://www.darkhobbies.cl/products/sushi-go-gira-y-come-dim-sum-juego-cartas?variant=47506349261054
Taco Gatito Pizza - Juego de Cartas de Velocidad Infantil - Dark Hobbies,"$11,990",,,https://www.darkhobbies.cl/products/taco-gatito-pizza-juego-infantil?variant=47877114888446
Taco Gato Cabra Queso Pizza: Impermeable,"$14,990",,,https://www.darkhobbies.cl/products/taco-gato-cabra-queso-pizza-impermeable?variant=48874728063230
"Taco, Gato, Cabra, Queso, Pizza - Juego de Cartas Original de Reflejos y Fiesta - Dark Hobbies","$11,990",,,https://www.darkhobbies.cl/products/taco-gato-cabra-queso-pizza-juego-cartas-original?variant=47469242450174
"Taco, Gorro, Cumple, Queso, Pizza - Juego de Cartas de Cumpleaños y Reflejos - Dark Hobbies","$11,990",,,https://www.darkhobbies.cl/products/taco-gorro-cumple-queso-pizza-juego-cartas-party?variant=47469242777854
"Taco, Revés, Cabra, Queso, Pizza - Juego de Cartas de Reflejos y Caos - Dark Hobbies","$11,990",,,https://www.darkhobbies.cl/products/taco-reves-cabra-queso-pizza-juego-cartas-party?variant=47469246021886
Tag Team,"$22,990",,,https://www.darkhobbies.cl/products/tag-team-juego-de-mesa-de-lucha-y-construccion-de-mazos-dark-hobbies?variant=48607431590142
Take Time,"$24,990",,,https://www.darkhobbies.cl/products/take-time-juego-de-mesa?variant=48607465210110
Takenoko - Estrategia Familiar en el Jardín Imperial - Dark Hobbies,"$39,990","$28,990",Agotado,https://www.darkhobbies.cl/products/takenoko-juego-estrategia-familiar-panda?variant=47651407069438
Takenoko: Chibis - Expansión para el Jardín del Panda - Dark Hobbies,"$16,990","$11,990",Oferta,https://www.darkhobbies.cl/products/takenoko-chibis-expansion-estrategia-familiar?variant=47651410575614
Telestrations - Juego de Mesa Party de Dibujo y Risas - Dark Hobbies,"$29,990",,,https://www.darkhobbies.cl/products/telestrations-juego-de-mesa-party?variant=47739542470910
Telestrations Décadas (80's & 90's) - Expansión Temática - Dark Hobbies,"$7,990",,,https://www.darkhobbies.cl/products/telestrations-decadas-expansion-80-90?variant=48189420503294
Tepig – Pokémon Model Kit | Bandai,"$14,990","$12,990",Oferta,https://www.darkhobbies.cl/products/tepg-pokemon-model-kit?variant=47492049797374
Terapeuta de Pacotilla | Hablar de tus problemas nunca fue tan absurdo,"$19,990",,,https://www.darkhobbies.cl/products/terapeuta-de-pacotilla?variant=47451731427582
Terraforming Mars - El Épico Juego de Estrategia y Colonización Espacial - Dark Hobbies,"$64,990",,Agotado,https://www.darkhobbies.cl/products/terraforming-mars-juego-mesa-estrategia-espacial?variant=48164137730302
"The Game - Juego de Mesa Cooperativo, Gestión de Cartas y Números - Dark Hobbies","$12,990",,,https://www.darkhobbies.cl/products/the-game-juego-mesa-cooperativo-cartas?variant=47457412677886
The Game: Cara a Cara | Competencia pura a dos jugadores,"$12,990","$10,000",Oferta,https://www.darkhobbies.cl/products/the-game-cara-a-cara?variant=47457423720702
The Game: Rápido y Simple | Estrategia pura en minutos,"$12,990","$10,000",Oferta,https://www.darkhobbies.cl/products/the-game-rapido-y-simple?variant=47457417068798
The Mind - El Experimento Mental Cooperativo - Dark Hobbies,"$12,990",,Agotado,https://www.darkhobbies.cl/products/the-mind-juego-cooperativo-original?variant=47701585887486
The Mind Extreme - Juego de Mesa Cooperativo de Intuición - Dark Hobbies,"$12,990",,Agotado,https://www.darkhobbies.cl/products/the-mind-extreme-juego-cooperativo-cartas?variant=47701604073726
The Mind: Soulmates - Juego Cooperativo de Intuición y Cartas - Dark Hobbies,"$16,990",,Agotado,https://www.darkhobbies.cl/products/the-mind-soulmates-juego-cooperativo?variant=47701609349374
The White Castle - Estrategia Eurogame en el Japón Feudal - Dark Hobbies,"$31,990",,,https://www.darkhobbies.cl/products/the-white-castle-juego-mesa-estrategia-japonesa?variant=48164129112318
The White Castle: Duel - Estrategia Japonesa Exclusiva para 2 - Dark Hobbies,"$25,990",,,https://www.darkhobbies.cl/products/the-white-castle-duel-juego-estrategia-2-jugadores?variant=48164126327038
"Tic Tac Trek - Juego de Mesa de Estrategia, Colocación de Losetas y Duelo - Dark Hobbies","$11,990",,,https://www.darkhobbies.cl/products/tic-tac-trek-juego-mesa-duelo-estrategia?variant=47485112877310
Tic Tac Tumba,"$19,990",,Agotado,https://www.darkhobbies.cl/products/tic-tac-tumba-juego-terror-supervivencia?variant=48189475225854
TimeBomb Deluxe - Juego de Roles Ocultos y Deducción Social - Dark Hobbies,"$17,990",,Agotado,https://www.darkhobbies.cl/products/timebomb-deluxe-juego-roles-ocultos-deduccion?variant=47670884466942
"Tinderblox - Juego de Mesa de Destreza, Pulso Firme y Equilibrio - Dark Hobbies","$11,990",,Agotado,https://www.darkhobbies.cl/products/tinderblox-juego-mesa-destreza-equilibrio?variant=47485117071614
"Trama | Conecta ideas, colores y caminos","$27,990",,,https://www.darkhobbies.cl/products/trama?variant=47451737063678
"Tranvía Mortal | Humor negro, dilemas morales y risas incómodas","$24,990",,,https://www.darkhobbies.cl/products/tranvia-mortal?variant=47448283316478
"Tulio, Lulo, Lana, Tarro, Patana - Juego de Cartas de 31 Minutos y Reflejos - Dark Hobbies","$14,990",,,https://www.darkhobbies.cl/products/tulio-lulo-lana-tarro-patana-juego-31-minutos-fractal?variant=47469243433214
Twister - El Clásico Juego de Equilibrio y Enredos - Dark Hobbies,"$21,990","$16,500",Oferta,https://www.darkhobbies.cl/products/twister-juego-original-equilibrio-fiesta?variant=48189411098878
Ubongo (Edición Trilingüe),"$34,990",,,https://www.darkhobbies.cl/products/ubongo-juego-mesa-rompecabezas-velocidad-familiar?variant=48393133687038
Ubongo Brain Game - Rompecabezas Lógico en Solitario - Dark Hobbies,"$15,990",,Agotado,https://www.darkhobbies.cl/products/ubongo-brain-game-puzzle-solitario?variant=48164127277310
Un Día en las Carreras,"$34,990",,,https://www.darkhobbies.cl/products/un-dia-en-las-carreras-ready-set-bet-juego-mesa-apuestas?variant=48393135915262
Unánimo,"$15,990","$14,500",Oferta,https://www.darkhobbies.cl/products/unanimo-juego-mesa-party-conexion?variant=48189472473342
"Unlock! Miniaventuras: Asesinato en Birmingham | Misterio, crimen y escape","$6,990",,Agotado,https://www.darkhobbies.cl/products/unlock-mini-aventuras-asesinato-en-birmingham?variant=47455968755966
"Unlock! Miniaventuras: La Máscara Roja | Intriga, engaño y escape","$6,990",,,https://www.darkhobbies.cl/products/unlock-mini-aventuras-mascara-roja?variant=47455948275966
Unlock! Miniaventuras: Recetas de Antaño | Misterio entre ollas y recuerdos,"$6,990",,,https://www.darkhobbies.cl/products/unlock-mini-aventuras-recetas-de-antano?variant=47455943393534
"Unstable Unicorns | Caos, traiciones y unicornios sin piedad","$21,990",,Agotado,https://www.darkhobbies.cl/products/unestable-unicorns?variant=47457443086590
Unstable Unicorns: Apocalipsis Irisado (EXPANSIÓN),"$13,990",,,https://www.darkhobbies.cl/products/unestable-unicors-apocalisis-irisado?variant=47457445740798
Unstable Unicorns: Dragones (EXPANSIÓN),"$13,990",,,https://www.darkhobbies.cl/products/unestable-unicorns-dragaones?variant=47457451311358
"Unstable Unicorns: NSFW | Caos adulto, humor negro y unicornios sin filtro","$21,990",,Agotado,https://www.darkhobbies.cl/products/unestable-unicorns-nsfw?variant=47457441153278
Urbion | Equilibrio onírico entre luz y sombra,"$34,990","$31,500",Oferta,https://www.darkhobbies.cl/products/urbion?variant=47457589723390
Villa Panda - Juego de Estrategia Familiar y Construcción - Dark Hobbies,"$19,990",,,https://www.darkhobbies.cl/products/villa-panda-juego-estrategia-familiar-salta-pal-lao?variant=47666419073278
Virus! - El Juego de Cartas Familiar Más Extendido y Adictivo - Dark Hobbies,"$19,990",,,https://www.darkhobbies.cl/products/virus-juego-cartas-familiar-tranjis-games?variant=47506332254462
Virus! 2: Evolución - Expansión Oficial del Juego de Cartas Más Vendido - Dark Hobbies,"$15,990",,Agotado,https://www.darkhobbies.cl/products/virus-2-evolucion-expansion-juego-cartas?variant=47506343559422
Virus! Marvel,"$22,990",,,https://www.darkhobbies.cl/products/virus-marvel?variant=48874739564798
Viticulture: Essential Edition - Juego de Mesa de Estrategia Vinícola - Dark Hobbies,"$59,990",,Agotado,https://www.darkhobbies.cl/products/viticulture-essential-edition-juego-estrategia?variant=48164097851646
Wingspan | Construye el aviario perfecto y deja volar tu estrategia,"$64,990",,,https://www.darkhobbies.cl/products/wingspan?variant=47448276795646
Witchdom - Juego de Mesa de Estrategia y Gestión de Pociones - Dark Hobbies,"$24,990",,,https://www.darkhobbies.cl/products/witchdom-juego-mesa-estrategia-pociones?variant=47738297745662
Wyrmspan | Construye el santuario definitivo para dragones,"$69,990",,,https://www.darkhobbies.cl/products/wyrmspan?variant=47448275353854
"Yo Soy Tu Peli - Juego Party de Cine, Mímica y Actuación - Dark Hobbies","$19,990",,Agotado,https://www.darkhobbies.cl/products/yo-soy-tu-peli-juego-party-actuacion-hellofun?variant=47626365337854
Yōkai Sketch | Duelo artístico en el bosque espiritual,"$10,000",,Agotado,https://www.darkhobbies.cl/products/yokai-stech?variant=47457411006718
Yokohama - Juego de Mesa de Estrategia y Comercio Meiji - Dark Hobbies,"$55,990",,,https://www.darkhobbies.cl/products/yokohama-juego-mesa-estrategia-comercio?variant=48164134519038
Zombicide: Undead or Alive | Supervivencia zombi en el Lejano Oeste,"$104,000",,Agotado,https://www.darkhobbies.cl/products/zombicide-undead-or-alive?variant=47448286593278
"Zombie Burrito | Esquiva, lanza… y sobrevive al apocalipsis","$24,990","$20,825",Oferta,https://www.darkhobbies.cl/products/zombie-burrito?variant=47455912853758
"Zombie Kittens - Juego de Cartas Familiar de Resurrección, Humor y Sabotaje - Dark Hobbies","$19,990",,Agotado,https://www.darkhobbies.cl/products/zombie-kittens-juego-cartas-party-independiente?variant=47469149094142
"¡Cállate! - Juego de Cartas Party de Humor Adulto, Creatividad y Sin Censura (+18) - Dark Hobbies","$20,990",,,https://www.darkhobbies.cl/products/callate-juego-cartas-party-humor-adulto?variant=47469206896894
¡No Puedo Parar!  31 Minutos,"$19,990",,,https://www.darkhobbies.cl/products/no-puedo-parar-31-minutos?variant=47451732902142
¡Otra vez sopa! - Juego de Mesa de Mafalda y sus Amigos - Dark Hobbies,"$14,990",,,https://www.darkhobbies.cl/products/otra-vez-sopa-juego-mafalda?variant=47701563703550
¡Rescate! Alto Riesgo - Expansión de Estrategia Cooperativa - Dark Hobbies,"$34,990",,,https://www.darkhobbies.cl/products/rescate-alto-riesgo-expansion-flash-point?variant=48189341925630
"👻 Fantasma Blitz 2.0 – Reflejos, confusión y risas a máxima velocidad","$17,990",,,https://www.darkhobbies.cl/products/fantasma-blitz-2-0?variant=47448338333950
