title,original_price,current_price,stock_status,url,store,norm,_price,_pct,descuento
Wolfenstein,$124.990,$74.990,Oferta,https://playkingdom.cl/wolfenstein,playkingdom,wolfenstein,74990.0,40.0,-40%
AGRICOLA 15 ANIVERSARIO,$119.990,$64.990,Oferta,https://playkingdom.cl/agricola-15-aniversario,playkingdom,agricola 15 aniversario,64990.0,45.8,-46%
Zombicide: Undead or Alive,$102.990,$61.990,Oferta,https://playkingdom.cl/zombicide-undead-or-alive,playkingdom,zombicide undead or alive,61990.0,39.8,-40%
Lacrimosa,$64.990,$51.990,Oferta,https://playkingdom.cl/lacrimosa,playkingdom,lacrimosa,51990.0,20.0,-20%
Vida Salvaje: Serengeti,$59.990,$41.990,Oferta,https://playkingdom.cl/vida-salvaje-serengeti,playkingdom,vida salvaje serengeti,41990.0,30.0,-30%
Suburbia,$62.990,$39.990,Oferta,https://playkingdom.cl/suburbia,playkingdom,suburbia,39990.0,36.5,-36%
Wolfenstein: The Old Blood,$64.990,$39.990,Oferta,https://playkingdom.cl/wolfenstein-the-old-blood,playkingdom,wolfenstein the old blood,39990.0,38.5,-38%
LOONEY TUNES MAYHEM,$59.990,$39.990,Oferta,https://playkingdom.cl/looney-tunes-mayhem,playkingdom,looney tunes mayhem,39990.0,33.3,-33%
Bitoku,$62.990,$37.990,Oferta,https://playkingdom.cl/bitoku,playkingdom,bitoku,37990.0,39.7,-40%
Messina 1347,$62.990,$34.990,Oferta,https://playkingdom.cl/messina-1347,playkingdom,messina 1347,34990.0,44.5,-44%
Boonlake,$67.990,$34.990,Oferta,https://playkingdom.cl/boonlake,playkingdom,boonlake,34990.0,48.5,-48%
Museum,$61.990,$32.990,Oferta,https://playkingdom.cl/museum,playkingdom,museum,32990.0,46.8,-47%
3000 Granujas,$49.990,$32.990,Oferta,https://playkingdom.cl/3000-granujas,playkingdom,3000 granujas,32990.0,34.0,-34%
IKI,$49.990,$29.990,Oferta,https://playkingdom.cl/iki,playkingdom,iki,29990.0,40.0,-40%
SCOOBY-DOO!,$59.990,$29.990,Oferta,https://playkingdom.cl/scooby-doo-el-juego-de-mesa,playkingdom,scooby doo,29990.0,50.0,-50%
Zapotec,$49.990,$29.990,Oferta,https://playkingdom.cl/zapotec,playkingdom,zapotec,29990.0,40.0,-40%
Dune Arrakis,$59.990,$29.990,Oferta,https://playkingdom.cl/dune-arrakis,playkingdom,dune arrakis,29990.0,50.0,-50%
Four Gardens,$49.990,$29.990,Oferta,https://playkingdom.cl/four-gardens,playkingdom,four gardens,29990.0,40.0,-40%
EX LIBRIS,$49.990,$29.990,Oferta,https://playkingdom.cl/ex-libris,playkingdom,ex libris,29990.0,40.0,-40%
Megacity: Oceania,$44.990,$29.990,Oferta,https://playkingdom.cl/megacity-oceania,playkingdom,megacity oceania,29990.0,33.3,-33%
Harry Potter – Desmaius!,$42.990,$29.990,Oferta,https://playkingdom.cl/harry-potter-desmaius,playkingdom,harry potter desmaius,29990.0,30.2,-30%
Libro De Hechizos,$39.990,$27.990,Oferta,https://playkingdom.cl/libro-de-hechizos,playkingdom,libro de hechizos,27990.0,30.0,-30%
El imperio del César,$39.990,$27.990,Oferta,https://playkingdom.cl/el-imperio-del-cesar,playkingdom,el imperio del cesar,27990.0,30.0,-30%
MAUI,$39.990,$27.990,Oferta,https://playkingdom.cl/maui,playkingdom,maui,27990.0,30.0,-30%
PAPUA,$36.990,$27.990,Oferta,https://playkingdom.cl/papua,playkingdom,papua,27990.0,24.3,-24%
Mariposas,$39.990,$27.990,Oferta,https://playkingdom.cl/mariposas,playkingdom,mariposas,27990.0,30.0,-30%
Catan: Puzles Lógicos,$32.990,$25.990,Oferta,https://playkingdom.cl/catan-puzles-logicos,playkingdom,catan puzles logicos,25990.0,21.2,-21%
Jamaica Nueva Edicion,$34.990,$24.990,Oferta,https://playkingdom.cl/jamaica-nueva-edicion,playkingdom,jamaica nueva,24990.0,28.6,-29%
YAK,$44.990,$24.990,Oferta,https://playkingdom.cl/yak,playkingdom,yak,24990.0,44.5,-44%
Alhambra - Edicion Revisada,$33.990,$24.990,Oferta,https://playkingdom.cl/alhambra-edicion-revisada,playkingdom,alhambra revisada,24990.0,26.5,-26%
Paradice,$34.990,$24.490,Oferta,https://playkingdom.cl/paradice,playkingdom,paradice,24490.0,30.0,-30%
HARRY POTTER HOGWARTS BATTLE: ENCANTAMIENTOS Y POCIONES (EXPANSIÓN),$34.990,$24.490,Oferta,https://playkingdom.cl/harry-potter-hogwarts-battle-encantamientos-y-pociones-expansion,playkingdom,harry potter hogwarts battle encantamientos y pociones expansion,24490.0,30.0,-30%
Agricola Bosques y Cenegales,$33.990,$23.990,Oferta,https://playkingdom.cl/agricola-bosques-y-cenegales,playkingdom,agricola bosques y cenegales,23990.0,29.4,-29%
Dice Throne Bárbaro vs Elfa lunar,$33.990,$23.790,Oferta,https://playkingdom.cl/dice-throne-barbaro-vs-elfa-lunar,playkingdom,dice throne barbaro vs elfa lunar,23790.0,30.0,-30%
DICE THRONE MONJE VS PALADÍN,$33.990,$23.790,Oferta,https://playkingdom.cl/dice-throne-monje-vs-paladin,playkingdom,dice throne monje vs paladin,23790.0,30.0,-30%
Equinox (Versión Verde),$33.990,$22.990,Oferta,https://playkingdom.cl/equinox-version-verde,playkingdom,equinox version verde,22990.0,32.4,-32%
Equinox (Versión Morada),$33.990,$22.990,Oferta,https://playkingdom.cl/equinox-version-morada,playkingdom,equinox version morada,22990.0,32.4,-32%
Brew,$39.990,$22.990,Oferta,https://playkingdom.cl/brew,playkingdom,brew,22990.0,42.5,-42%
Titanic,$29.990,$20.990,Oferta,https://playkingdom.cl/titanic,playkingdom,titanic,20990.0,30.0,-30%
Neoville,$29.990,$19.990,Oferta,https://playkingdom.cl/neoville,playkingdom,neoville,19990.0,33.3,-33%
Magic Market,$29.990,$19.990,Oferta,https://playkingdom.cl/magic-market,playkingdom,magic market,19990.0,33.3,-33%
Bamboo,$27.990,$19.590,Oferta,https://playkingdom.cl/bamboo,playkingdom,bamboo,19590.0,30.0,-30%
Kingdomino Origins,$29.990,$17.990,Oferta,https://playkingdom.cl/kingdomino-origins,playkingdom,kingdomino origins,17990.0,40.0,-40%
Catan: ampliación 5-6 jugadores Mercaderes y Bárbaros,$24.990,$17.490,Oferta,https://playkingdom.cl/catan-ampliacion-5-6-jugadores-mercaderes-y-barbaros,playkingdom,catan ampliacion 5 6 jugadores mercaderes y barbaros,17490.0,30.0,-30%
Farmini,$10.990,$8.990,Oferta,https://playkingdom.cl/farmini,playkingdom,farmini,8990.0,18.2,-18%
